Workbook
Name num_samples: Consumables!$E$1
Name Organisms: #REF!
Name Reference_types: #REF!
Name Source: #REF!

Sheet Consumables
A1: This spreadsheet lists all consumables needed to perform NOMADS-MVP for: | E1: 1000 | F1: samples
A2: DNA Extraction is NOT included. Recommended is DNA extraction with Qiagen.
A4: Item | B4: Manufacturer | C4: Catalog # | D4: Pack Size | E4: Unit Cost ($) | F4: Units Needed | G4: Cost ($) | H4: Notes
A5: Reagents
A6: Qiagen QIAmp
A7: KAPA HIFI ReadyMix | B7: Roche | C7: KK2602 | D7: 6.25 ml | E7: 276.2 | F7: 4 | G7: =SUM(F7*E7) -> 1104.8
A8: PCR Primers: NOMADS-MVP | B8: IDT | C8: N/A | D8: 3000 rxn | E8: 120 | F8: 1 | G8: =SUM(F8*E8) -> 120
A9: AMPure XP beads | B9: Beckman Coulter | C9: A63881 | D9: 60 ml | E9: 1485.2 | F9: 1 | G9: =SUM(F9*E9) -> 1485.2 | H9: This is sufficient for >4500 samples; but we choose the larger volume as it is cheaper per unit volume.
A10: Qubit 1x dsDNA HS Assay Kit | B10: ThermoFisher | C10: Q33231 | D10: 500 rxn | E10: 385.94 | F10: 3 | G10: =SUM(F10*E10) -> 1157.82
A11: Agarose | B11: ThermoFisher | C11: 16500500 | D11: 500 gram | E11: 675 | F11: 1 | G11: =SUM(F11*E11) -> 675
A12: DNA ladder (1kb) | B12: ThermoFisher | C12: SM0314 | D12: 100 lanes | E12: 64.99 | F12: 1 | G12: =SUM(F12*E12) -> 64.99
A13: Gel loading dye | B13: NEB | C13: B7024S | D13: 4 ml | E13: 58.86 | F13: 1 | G13: =SUM(F13*E13) -> 58.86
A14: Rapid Barcoding Sequencing Kit 96 v14 | B14: ONT | C14: SQK-RBK114.96 | D14: 12 rxn | E14: 1301 | F14: 2 | G14: =SUM(F14*E14) -> 2602
A15: Flow Cell Priming Kit V14 (EXP-FLP004) | B15: ONT | C15: EXP-FLP004 | D15: 6 rxns | E15: 41.4 | F15: 2 | G15: =SUM(F15*E15) -> 82.8
A16: Flow Cell Wash Kit | B16: ONT | C16: EXP-WSH004 | D16: 6 washes | E16: 147.86 | F16: 2 | G16: =SUM(F16*E16) -> 295.72
A17: MinION Flow Cell (R10.4.1) | B17: ONT | C17: FLO-MIN114 | D17: flow cell | E17: 600 | F17: 12 | G17: =SUM(F17*E17) -> 7200
A18: Ethanol | B18: Sigma | C18: E7024-500ML | D18: 500 ml | E18: 42.61 | F18: 2 | G18: =SUM(F18*E18) -> 85.22
A19: Nuclease free water | B19: Invitrogen | C19: AM9937 | D19: 500 ml | E19: 155.19 | F19: 1 | G19: =SUM(F19*E19) -> 155.19
A20: TE buffer (1X) pH 8.0 low EDTA | B20: ThermoFisher | C20: J75793.AP | D20: 500 ml | E20: 120 | F20: 1 | G20: =SUM(F20*E20) -> 120
F21: Sub-Total: | G21: =SUM(G7:G20) -> 15207.6
F22: Per sample cost (reagents): | G22: =G21/num_samples -> 15.2076
A23: Plasticware
A24: 1.5 ml DNA LoBind tubes | B24: Eppendorf | C24: 0030 108.051 | D24: 250 tubes | E24: 22.21 | F24: 1 | G24: =SUM(F24*E24) -> 22.21
A25: 100ml reservoir | B25: ThermoFisher | C25: 10125707 | D25: 100 case | E25: 91.43 | F25: 1 | G25: =SUM(F25*E25) -> 91.43
A26: Adhesive seal sheets | B26: Greiner | C26: 676001 | D26: 100 seals | E26: 88.88 | F26: 1 | G26: =SUM(F26*E26) -> 88.88
A27: Gloves | B27: Handsafe | C27: GN90-L | D27: 2000 gloves | E27: 88.01 | F27: 3 | G27: =SUM(F27*E27) -> 264.03
A28: PCR tubes strips with cap (8 well strip) | B28: ThermoFisher | C28: AB2005 | D28: 2000 wells | E28: 298.26 | F28: 1 | G28: =SUM(F28*E28) -> 298.26
A29: Plates 96 well (skirted) | B29: ThermoFisher | C29: AB-0800 | D29: 25 plates | E29: 130 | F29: 4 | G29: =SUM(F29*E29) -> 520
A30: Qubit Assay Tubes | B30: Invitrogen | C30: Q32856 | D30: 500 tubes | E30: 74.55 | F30: 3 | G30: =SUM(F30*E30) -> 223.65
A31: Sharpie markers | B31: Stabilo | C31: 01-19-2763 | D31: 10 per pack | E31: 40 | F31: 1 | G31: =SUM(F31*E31) -> 40
A32: Tips 10ul | B32: - | C32: - | D32: 50 x 96 tip rack | E32: 396.29 | F32: 1 | G32: =SUM(F32*E32) -> 396.29 | H32: Please order appropriate tips for the single-channel and multichannel pipettes in your lab
A33: Tips 20ul | B33: - | C33: - | D33: 10 x 96 tip rack | E33: 100 | F33: 14 | G33: =SUM(F33*E33) -> 1400 | H33: Please order appropriate tips for the single-channel and multichannel pipettes in your lab
A34: Tips 200ul | B34: - | C34: - | D34: 10 x 96 tip rack | E34: 64.27 | F34: 1 | G34: =SUM(F34*E34) -> 64.27 | H34: Please order appropriate tips for the single-channel and multichannel pipettes in your lab
A35: Tips 1000ul | B35: - | C35: - | D35: 10 x 96 tip rack | E35: 83.6 | F35: 1 | G35: =SUM(F35*E35) -> 83.6 | H35: Please order appropriate tips for the single-channel and multichannel pipettes in your lab
A36: Assumptions: | F36: Sub-Total: | G36: =SUM(G24:G35) -> 3492.62
A37: - Costs are from Carramore quotes from 2024-2025 | F37: Per sample cost (plasticware): | G37: =SUM(G36/num_samples) -> 3.49262
A38: - 48 samples per run, 2 runs per flow cell, 10% reagent overage
A39: - Shipping and import duties are NOT included in the above
F40: Total | G40: =SUM(G21+G36) -> 18700.22
F41: Per sample cost | G41: =G40/num_samples -> 18.70022

Sheet Consumables 2k samples
A1: This spreadsheet lists all consumables needed to perform NOMADS-MVP for 2,000 samples.
A2: DNA Extraction is NOT included. Recommended is DNA extraction with Qiagen.
A4: Item | B4: Manufacturer | C4: Catalog # | D4: Pack Size | E4: Unit Cost ($) | F4: Units Needed | G4: Cost ($) | H4: Notes
A5: Reagents | L5: 2000 (original | M5: 2000 (now) | N5: Difference | O5: 1000
A6: KAPA HIFI ReadyMix | B6: Roche | C6: KK2602 | D6: 6.25 ml | E6: 276.2 | F6: 4 | G6: =SUM(F6*E6) -> 1104.8 | K6: KAPA HIFI ReadyMix | L6: 6 | M6: 7 | N6: =SUM(M6-F6) -> 3 | O6: 4 | R6: 1.5 ml DNA LoBind tubes | S6: 15
A7: PCR Primers: NOMADS-MVP | B7: IDT | C7: N/A | D7: 3000 rxn | E7: 120 | F7: 1 | G7: =SUM(F7*E7) -> 120 | K7: PCR Primers: MVP | L7: 1 | M7: 1 | N7: =SUM(M7-F7) -> 0 | O7: 1 | R7: 100ml reservoir | S7: 16
A8: AMPure XP beads | B8: Beckman Coulter | C8: A63881 | D8: 60 ml | E8: 1485.2 | F8: 1 | G8: =SUM(F8*E8) -> 1485.2 | H8: This is sufficient for >4500 samples; but we choose the larger volume as it is cheaper per unit volume. | K8: AMPure XP beads | L8: 1 | M8: 1 | N8: =SUM(M8-F8) -> 0 | O8: 1 | R8: Adhesive seal sheets | S8: 17
A9: Qubit 1x dsDNA HS Assay Kit | B9: ThermoFisher | C9: Q33231 | D9: 500 rxn | E9: 385.94 | F9: 3 | G9: =SUM(F9*E9) -> 1157.82 | K9: Qubit 1x dsDNA HS Assay Kit | L9: 5 | M9: 5 | N9: =SUM(M9-F9) -> 2 | O9: 3 | R9: Agarose | S9: 5
A10: Agarose | B10: ThermoFisher | C10: 16500500 | D10: 500 gram | E10: 675 | F10: 1 | G10: =SUM(F10*E10) -> 675 | K10: Agarose | L10: 1 | M10: 1 | N10: =SUM(M10-F10) -> 0 | O10: 1 | R10: AMPure XP beads | S10: 3
A11: DNA ladder (1kb) | B11: ThermoFisher | C11: SM0314 | D11: 100 lanes | E11: 64.99 | F11: 1 | G11: =SUM(F11*E11) -> 64.99 | K11: DNA ladder (1kb) | L11: 2 | M11: 2 | N11: =SUM(M11-F11) -> 1 | O11: 1 | R11: DNA ladder (1kb) | S11: 6
A12: Gel loading dye | B12: NEB | C12: B7024S | D12: 4 ml | E12: 58.86 | F12: 1 | G12: =SUM(F12*E12) -> 58.86 | K12: Gel loading dye | L12: 1 | M12: 1 | N12: =SUM(M12-F12) -> 0 | O12: 1 | R12: Ethanol | S12: 12
A13: Rapid Barcoding Sequencing Kit 96 v14 | B13: ONT | C13: SQK-RBK114.96 | D13: 12 rxn | E13: 1301 | F13: 2 | G13: =SUM(F13*E13) -> 2602 | K13: Rapid Barcoding Sequencing Kit 96 v14 | L13: 4 | M13: 4 | N13: =SUM(M13-F13) -> 2 | O13: 2 | R13: Flow Cell Priming Kit V14 (EXP-FLP004) | S13: 9
A14: Flow Cell Priming Kit V14 (EXP-FLP004) | B14: ONT | C14: EXP-FLP004 | D14: 6 rxns | E14: 41.4 | F14: 2 | G14: =SUM(F14*E14) -> 82.8 | K14: Flow Cell Priming Kit V14 (EXP-FLP004) | L14: 4 | M14: 4 | N14: =SUM(M14-F14) -> 2 | O14: 2 | R14: Flow cell wash kit | S14: 10
A15: Flow Cell Wash Kit | B15: ONT | C15: EXP-WSH004 | D15: 6 washes | E15: 147.86 | F15: 2 | G15: =SUM(F15*E15) -> 295.72 | K15: Flow cell wash kit | L15: 4 | M15: 4 | N15: =SUM(M15-F15) -> 2 | O15: 2 | R15: Gel loading dye | S15: 7
A16: MinION Flow Cell (R10.4.1) | B16: ONT | C16: FLO-MIN114 | D16: flow cell | E16: 600 | F16: 12 | G16: =SUM(F16*E16) -> 7200 | K16: MinION Flow Cell (R10.4.1) | L16: 21 | M16: 23 | N16: =SUM(M16-F16) -> 11 | O16: 12 | R16: Gloves Nitrile Large (powder-free) | S16: 18
A17: Ethanol | B17: Sigma | C17: E7024-500ML | D17: 500 ml | E17: 42.61 | F17: 2 | G17: =SUM(F17*E17) -> 85.22 | K17: Ethanol | L17: 2 | M17: 3 | N17: =SUM(M17-F17) -> 1 | O17: 2 | R17: Gloves Nitrile Medium (powder-free) | S17: 18
A18: Nuclease free water | B18: Invitrogen | C18: AM9937 | D18: 500 ml | E18: 155.19 | F18: 1 | G18: =SUM(F18*E18) -> 155.19 | K18: Nuclease free water | L18: 1 | M18: 1 | N18: =SUM(M18-F18) -> 0 | O18: 1 | R18: Gloves Nitrile Small (powder-free) | S18: 18
A19: TE buffer (1X) pH 8.0 low EDTA | B19: ThermoFisher | C19: J75793.AP | D19: 500 ml | E19: 120 | F19: 1 | G19: =SUM(F19*E19) -> 120 | K19: TE buffer (1X) pH 8.0 low EDTA | L19: 1 | M19: 1 | N19: =SUM(M19-F19) -> 0 | O19: 1 | R19: KAPA HIFI ReadyMix | S19: 1
F20: Sub-Total: | G20: =SUM(G6:G19) -> 15207.6 | R20: MinION Flow Cell (R10.4.1) | S20: 11
F21: Per sample cost (reagents): | G21: =G20/2000 -> 7.6038 | R21: Nuclease free water | S21: 13
A22: Plasticware | R22: PCR Primers: MVP | S22: 2
A23: 1.5 ml DNA LoBind tubes | B23: Eppendorf | C23: 0030 108.051 | D23: 250 tubes | E23: 22.21 | F23: 1 | G23: =SUM(F23*E23) -> 22.21 | K23: 1.5 ml DNA LoBind tubes | L23: 1 | M23: 1 | N23: =SUM(M23-F23) -> 0 | O23: 1 | R23: PCR tubes strips with cap (8 well strip) | S23: 19
A24: 100ml reservoir | B24: ThermoFisher | C24: 10125707 | D24: 100 case | E24: 91.43 | F24: 1 | G24: =SUM(F24*E24) -> 91.43 | K24: 100ml reservoir | L24: 1 | M24: 1 | N24: =SUM(M24-F24) -> 0 | O24: 1 | R24: Plates 96 well (skirted) | S24: 20
A25: Adhesive seal sheets | B25: Greiner | C25: 676001 | D25: 100 seals | E25: 88.88 | F25: 1 | G25: =SUM(F25*E25) -> 88.88 | K25: Adhesive seal sheets | L25: 2 | M25: 2 | N25: =SUM(M25-F25) -> 1 | O25: 1 | R25: Qubit 1x dsDNA HS Assay Kit | S25: 4
A26: Gloves | B26: Handsafe | C26: GN90-L | D26: 2000 gloves | E26: 88.01 | F26: 3 | G26: =SUM(F26*E26) -> 264.03 | K26: Gloves Nitrile Large (powder-free) | L26: 3 | M26: 3 | N26: =SUM(M26-F26) -> 0 | O26: 3 | R26: Qubit Assay Tubes | S26: 21
A27: PCR tubes strips with cap (8 well strip) | B27: ThermoFisher | C27: AB2005 | D27: 2000 wells | E27: 298.26 | F27: 1 | G27: =SUM(F27*E27) -> 298.26 | K27: PCR tubes strips with cap (8 well strip) | L27: 1 | M27: 1 | N27: =SUM(M27-F27) -> 0 | O27: 1 | R27: Rapid Barcoding Sequencing Kit 96 v14 | S27: 8
A28: Plates 96 well (skirted) | B28: ThermoFisher | C28: AB-0800 | D28: 25 plates | E28: 130 | F28: 4 | G28: =SUM(F28*E28) -> 520 | H28: Please order appropriate plates for the PCR machine(s) AND magnetic rack in your lab (see Equipment tab). | K28: Plates 96 well (skirted) | L28: 7 | M28: 8 | N28: =SUM(M28-F28) -> 4 | O28: 4 | R28: Sharpie markers | S28: 22
A29: Qubit Assay Tubes | B29: Invitrogen | C29: Q32856 | D29: 500 tubes | E29: 74.55 | F29: 3 | G29: =SUM(F29*E29) -> 223.65 | K29: Qubit Assay Tubes | L29: 5 | M29: 5 | N29: =SUM(M29-F29) -> 2 | O29: 3 | R29: TE buffer (1X) pH 8.0 low EDTA | S29: 14
A30: Sharpie markers | B30: Stabilo | C30: 01-19-2763 | D30: 10 per pack | E30: 40 | F30: 1 | G30: =SUM(F30*E30) -> 40 | K30: Sharpie markers | L30: 1 | M30: 1 | N30: =SUM(M30-F30) -> 0 | O30: 1 | R30: Tips 10ul filtered | S30: 23
A31: Tips 10ul | B31: - | C31: - | D31: 50 x 96 tip rack | E31: 396.29 | F31: 1 | G31: =SUM(F31*E31) -> 396.29 | H31: Please order appropriate tips for the single-channel and multichannel pipettes in your lab | K31: Tips 10ul filtered | L31: 1 | M31: 1 | N31: =SUM(M31-F31) -> 0 | O31: 1 | R31: Tips 200ul filtered | S31: 25
A32: Tips 20ul | B32: - | C32: - | D32: 10 x 96 tip rack | E32: 100 | F32: 14 | G32: =SUM(F32*E32) -> 1400 | H32: Please order appropriate tips for the single-channel and multichannel pipettes in your lab | K32: Tips 20ul Racked (Filter) | L32: 31 | M32: 28 | N32: =SUM(M32-F32) -> 14 | O32: 14 | R32: Tips 20ul Racked (Filter) | S32: 24
A33: Tips 200ul | B33: - | C33: - | D33: 10 x 96 tip rack | E33: 64.27 | F33: 8 | G33: =SUM(F33*E33) -> 514.16 | H33: Please order appropriate tips for the single-channel and multichannel pipettes in your lab | K33: Tips 200ul filtered | L33: 18 | M33: 15 | N33: =SUM(M33-F33) -> 7 | O33: 8 | R33: Tips Filter 1000ul racked | S33: 26
A34: Tips 1000ul | B34: - | C34: - | D34: 10 x 96 tip rack | E34: 83.6 | F34: 1 | G34: =SUM(F34*E34) -> 83.6 | H34: Please order appropriate tips for the single-channel and multichannel pipettes in your lab | K34: Tips Filter 1000ul racked | L34: 4 | M34: 1 | N34: =SUM(M34-F34) -> 0 | O34: 1
A35: Assumptions: | F35: Sub-Total: | G35: =SUM(G23:G34) -> 3942.51 | L35: 32141.38 | M35: 33046.58
A36: - Costs are from Carramore quotes from 2024-2025 | F36: Per sample cost (plasticware): | G36: =SUM(G35/2000) -> 1.971255
A37: - 48 samples per run, 2 runs per flow cell, 10% reagent overage
A38: - Shipping and import duties are NOT included in the above
F39: Total | G39: =SUM(G20+G35) -> 19150.11
F40: Per sample cost | G40: =G39/1000 -> 19.15011

Sheet Equipment
A1: This spreadsheet lists equipment needed to perform NOMADS sequencing
C3: Lab space / room
A4: Application | B4: Item | C4: Clean1 | D4: Sample2 | E4: Sequence3 | F4: # required | G4: # present | H4: # to procure | I4: Notes
A5: Quantify DNA Concentration | B5: Qubit 4 Fluorometer | E5: X | F5: =COUNTA(Equipment!$C5:$E5) -> 1 | H5: =MAX(Equipment!$F5-Equipment!$G5,0) -> 1
A6: Sequence Nucleic Acids | B6: MinIon | E6: X | F6: =COUNTA(Equipment!$C6:$E6) -> 1 | H6: =MAX(Equipment!$F6-Equipment!$G6,0) -> 1
A7: Store and process sequencing runs | B7: Laptop with Nvidia GPU | E7: X | F7: =COUNTA(Equipment!$C7:$E7) -> 1 | H7: =MAX(Equipment!$F7-Equipment!$G7,0) -> 1
A8: Storage of experimental data | B8: 5 Tb (or >) Storage Drive | E8: X | F8: =COUNTA(Equipment!$C8:$E8) -> 1 | H8: =MAX(Equipment!$F8-Equipment!$G8,0) -> 1
A9: Retention of magnetic beads during DNA cleaning | B9: Magnet for 96-well plates | E9: X | F9: =COUNTA(Equipment!$C9:$E9) -> 1 | H9: =MAX(Equipment!$F9-Equipment!$G9,0) -> 1
A10: Retention of magnetic beads during DNA cleaning | B10: Magnet for tubes | E10: X | F10: =COUNTA(Equipment!$C10:$E10) -> 1 | H10: =MAX(Equipment!$F10-Equipment!$G10,0) -> 1
A11: Store reagents at -20oC | B11: Freezer | C11: X | F11: =COUNTA(Equipment!$C11:$E11) -> 1 | H11: =MAX(Equipment!$F11-Equipment!$G11,0) -> 1
A12: Store reagents at -4oC | B12: Fridge | C12: X | F12: =COUNTA(Equipment!$C12:$E12) -> 1 | H12: =MAX(Equipment!$F12-Equipment!$G12,0) -> 1
A13: Extract DNA through centrifugation | B13: Microcentrifuge - 1.5ml tubes | D13: X | E13: X | F13: =COUNTA(Equipment!$C13:$E13) -> 2 | H13: =MAX(Equipment!$F13-Equipment!$G13,0) -> 2
A14: Extract DNA through centrifugation | B14: Microcentrifuge - plate and strips | D14: X | E14: X | F14: =COUNTA(Equipment!$C14:$E14) -> 2 | H14: =MAX(Equipment!$F14-Equipment!$G14,0) -> 2
A15: Mix solutions/reactions | B15: Vortex | C15: X | D15: X | E15: X | F15: =COUNTA(Equipment!$C15:$E15) -> 3 | H15: =MAX(Equipment!$F15-Equipment!$G15,0) -> 3
A16: PCR amplification | B16: Thermal Cycler | E16: X | F16: =COUNTA(Equipment!$C16:$E16) -> 1 | H16: =MAX(Equipment!$F16-Equipment!$G16,0) -> 1
A17: Contained area to minimise contamination | B17: Hood | C17: X | D17: X | E17: X | F17: =COUNTA(Equipment!$C17:$E17) -> 3 | H17: =MAX(Equipment!$F17-Equipment!$G17,0) -> 3
A18: Size separation of DNA by gel electrophoresis | B18: Electrophoresis Tank | E18: X | F18: =COUNTA(Equipment!$C18:$E18) -> 1 | H18: =MAX(Equipment!$F18-Equipment!$G18,0) -> 1
A19: Provides voltage for running a gel | B19: Power pack | E19: X | F19: =COUNTA(Equipment!$C19:$E19) -> 1 | H19: =MAX(Equipment!$F19-Equipment!$G19,0) -> 1
A20: QC documentation of amplification steps | B20: Gel Imaging | E20: X | F20: =COUNTA(Equipment!$C20:$E20) -> 1 | H20: =MAX(Equipment!$F20-Equipment!$G20,0) -> 1
A21: Transfer of liquids | B21: P20 Multichannel Pipette | D21: X | E21: X | F21: =COUNTA(Equipment!$C21:$E21) -> 2 | H21: =MAX(Equipment!$F21-Equipment!$G21,0) -> 2
A22: Transfer of liquids | B22: P200 Multichannel Pipette | D22: X | E22: X | F22: =COUNTA(Equipment!$C22:$E22) -> 2 | H22: =MAX(Equipment!$F22-Equipment!$G22,0) -> 2
A23: Maintains temperature on the bench | B23: Cold Block (tubes) | D23: X | F23: =COUNTA(Equipment!$C23:$E23) -> 1 | H23: =MAX(Equipment!$F23-Equipment!$G23,0) -> 1
A24: Maintains temperature on the bench | B24: Cold Block (plates) | E24: X | F24: =COUNTA(Equipment!$C24:$E24) -> 1 | H24: =MAX(Equipment!$F24-Equipment!$G24,0) -> 1
A26: 1 Preparation of all master mixes free from any DNA / RNA contaminants
A27: 2 Extraction of DNA from samples and preparation for PCR amplification
A28: 3 PCR amplification and library preparation for sequencing
A29: 4 Recommend Nvidia GPU with 16Gb GPU RAM and then minimum of i7 or equivalent processor, 32 Gb general RAM and 1Tb solid state drive

Sheet NOMADS-MVP Primers
A1: Name | B1: Sequence | C1: Quantity to order (nmole) | D1: Formulation
A2: ama1-d2-18-ck_v43_F | B2: CAACACGCATATCCAATAGACCA | C2: 25nm | D2: STD
A3: ama1-d2-18-ck_v43_R | B3: TGATCCGAAGCACTCAATTCAA | C3: 25nm | D3: STD
A4: crt-k76_v27_F | B4: AGCAAAAATGACGAGCGTTATAGA | C4: 25nm | D4: STD
A5: crt-k76_v27_R | B5: AGCTTCGGTGTCGTTCCTAAA | C5: 25nm | D5: STD
A6: csp-rtss-repeat_v4_F | B6: TCGCAAACGTAATTAAATATTCACAAA | C6: 25nm | D6: STD
A7: csp-rtss-repeat_v4_R | B7: CCTTATTCCAGGAATACCAGTGC | C7: 25nm | D7: STD
A8: dhfr-p51-p164_v19_F | B8: CCATTTTTGTATTCCCAAATAGCTAGT | C8: 25nm | D8: STD
A9: dhfr-p51-p164_v19_R | B9: TCCCTAGTACCATTAGCTTCCCA | C9: 25nm | D9: STD
A10: dhps-p436-p613_v55_F | B10: TCCATTCCTCATGTGTATACAACA | C10: 25nm | D10: STD
A11: dhps-p436-p613_v55_R | B11: TGTTTAATCACATGTTTGCACTTTCC | C11: 25nm | D11: STD
A12: hrp2-exon2-complete_v26_F | B12: TCGCTATCCCATAAATTACAAAACA | C12: 25nm | D12: STD
... A21: mdr1-p86-p184_v26_R | B21: ACTTGCAACAGTTCTTATTCCCA | C21: 25nm | D21: STD
